x,y
0.0,0.1634610462524239
0.01001001001001001,-0.13733189871014112
0.02002002002002002,-0.144024181344218
0.03003003003003003,0.03415360739527988
0.04004004004004004,-0.06787555911551378
0.050050050050050046,-0.11756328047864217
0.06006006006006006,0.4922019057737128
0.07007007007007007,-0.6485340886485824
0.08008008008008008,-0.2183874143062222
0.09009009009009009,0.5546979332439913
0.10010010010010009,-0.5002482788710247
0.11011011011011011,-0.2179080769708021
0.12012012012012012,0.2537187788957249
0.13013013013013014,0.2199409377263471
0.14014014014014015,-0.09264768643996413
0.15015015015015015,0.1952001751297998
0.16016016016016016,0.3651926983591023
0.17017017017017017,-0.15028171219416814
0.18018018018018017,0.25072645000957616
0.19019019019019018,0.5610084093243813
0.20020020020020018,0.3043341907046728
0.21021021021021022,0.16166326712610807
0.22022022022022023,-0.17944704831687563
0.23023023023023023,-0.23065184873194514
0.24024024024024024,0.5042142961800625
0.2502502502502503,-0.029020558748525965
0.2602602602602603,-0.1449552299774402
0.2702702702702703,-0.17436714007539217
0.2802802802802803,-0.18168471628368
0.2902902902902903,-0.14378658490970198
0.3003003003003003,0.4513235649389168
0.3103103103103103,0.6947045452203386
0.3203203203203203,0.5588196641125929
0.3303303303303303,0.5870472736078192
0.34034034034034033,0.06391427195710969
0.35035035035035034,0.1183948863132124
0.36036036036036034,-0.21270809152345704
0.37037037037037035,-0.07965189630685615
0.38038038038038036,0.2802050042740588
0.39039039039039036,0.6147791643677184
0.40040040040040037,0.9038022951012679
0.41041041041041043,-0.293054438148984
0.42042042042042044,0.353216315390853
0.43043043043043044,0.5256238234023539
0.44044044044044045,0.6843286494631042
0.45045045045045046,0.36556858382598983
0.46046046046046046,0.4326310925248785
0.47047047047047047,0.5587965696844306
0.4804804804804805,0.6996554601995841
0.4904904904904905,0.5317010765252267
0.5005005005005005,0.703873874853733
0.5105105105105106,0.5713266174318892
0.5205205205205206,0.06757567526641978
0.5305305305305306,-0.1282272806040481
0.5405405405405406,0.7115613152125987
0.5505505505505506,0.6976783568690096
0.5605605605605606,0.7635573541350136
0.5705705705705706,0.3739259287770252
0.5805805805805806,0.46300485233353744
0.5905905905905906,0.8625218482965746
0.6006006006006006,0.942554082949298
0.6106106106106106,0.8368505686403553
0.6206206206206206,0.30415906852917934
0.6306306306306306,0.9892695657732794
0.6406406406406406,0.41000071042399744
0.6506506506506506,0.4519958483158002
0.6606606606606606,0.5076379128773886
0.6706706706706707,0.8654285598512819
0.6806806806806807,0.5741708211815436
0.6906906906906907,0.9992312590733778
0.7007007007007007,0.4163034781068592
0.7107107107107107,1.0135041693057854
0.7207207207207207,1.1575553946514117
0.7307307307307307,0.3085926402504898
0.7407407407407407,0.4683012098707356
0.7507507507507507,0.5991171334587824
0.7607607607607607,0.4993264949828544
0.7707707707707707,0.5334536839803189
0.7807807807807807,0.27602635582091983
0.7907907907907907,0.749182057803503
0.8008008008008007,0.8676674429952134
0.8108108108108109,1.037153430201774
0.8208208208208209,1.085080104482996
0.8308308308308309,0.9702888052429515
0.8408408408408409,0.9880013472259759
0.8508508508508509,0.8770371780759911
0.8608608608608609,0.8587207635214428
0.8708708708708709,0.3681785033083441
0.8808808808808809,0.9520350793053176
0.8908908908908909,0.529145951520231
0.9009009009009009,0.9840754992087208
0.9109109109109109,0.5674340405552375
0.9209209209209209,1.0462813039013381
0.9309309309309309,1.0168590182048545
0.9409409409409409,0.9007225640751679
0.950950950950951,1.163938749896839
0.960960960960961,0.6370652447982617
0.970970970970971,0.8043036102388226
0.980980980980981,0.8704719876568581
0.990990990990991,0.968928869992663
1.001001001001001,0.7665121899910734
1.011011011011011,0.9316719225611851
1.021021021021021,0.5614128438323488
1.031031031031031,0.919686309985308
1.0410410410410411,0.4511356194460899
1.0510510510510511,1.463787360352288
1.0610610610610611,0.933919442696671
1.0710710710710711,0.9515112713964449
1.0810810810810811,1.0550480115152878
1.0910910910910911,0.8338202190093469
1.1011011011011012,0.598464704899428
1.1111111111111112,0.4229436987405355
1.1211211211211212,1.2249425475509386
1.1311311311311312,1.105721005614859
1.1411411411411412,0.6917578963974946
1.1511511511511512,0.7984240898854542
1.1611611611611612,1.1149177033938806
1.1711711711711712,1.0113748420581072
1.1811811811811812,1.4949277782989396
1.1911911911911912,0.7273669142179154
1.2012012012012012,0.9625369568944676
1.2112112112112112,1.27571309132717
1.2212212212212212,0.98026066760295
1.2312312312312312,0.5541855513392766
1.2412412412412412,1.151652651013323
1.2512512512512513,0.7562697009660697
1.2612612612612613,1.1527654276383097
1.2712712712712713,0.3714674086348304
1.2812812812812813,1.153751007402496
1.2912912912912913,1.0851314608860694
1.3013013013013013,0.833306293304952
1.3113113113113113,0.6557776074551365
1.3213213213213213,0.4987626761438368
1.3313313313313313,0.7961887906574678
1.3413413413413413,1.4718908913136213
1.3513513513513513,1.0005992925584044
1.3613613613613613,1.2499672111922626
1.3713713713713713,0.8774583479015117
1.3813813813813813,0.9329698611996212
1.3913913913913913,0.8814948056416272
1.4014014014014013,0.821018871321957
1.4114114114114114,0.9426344259634111
1.4214214214214214,1.1777893533631114
1.4314314314314314,0.975657119345397
1.4414414414414414,0.9840032978521522
1.4514514514514514,1.0683338073647515
1.4614614614614614,0.6377130945527703
1.4714714714714714,1.1659379345531877
1.4814814814814814,0.750408419960458
1.4914914914914914,0.8518108555604209
1.5015015015015014,0.7972777544925107
1.5115115115115114,1.233223606255452
1.5215215215215214,1.0572989673401179
1.5315315315315314,1.3831540262969801
1.5415415415415414,1.4924577014600815
1.5515515515515514,1.2166977377498156
1.5615615615615615,1.1134585328977344
1.5715715715715715,0.6875713127007081
1.5815815815815815,0.8958779593954165
1.5915915915915915,0.952862002343227
1.6016016016016015,1.5042482220522
1.6116116116116117,1.0855490063869382
1.6216216216216217,0.6776885173992568
1.6316316316316317,1.0820255724214791
1.6416416416416417,0.5187679509523302
1.6516516516516517,1.1293966013000083
1.6616616616616617,1.1451874144071488
1.6716716716716717,0.5232253730552932
1.6816816816816818,1.033916102589934
1.6916916916916918,1.4702858384748934
1.7017017017017018,1.5537726588460616
1.7117117117117118,1.0592663401573092
1.7217217217217218,0.8117211176064736
1.7317317317317318,1.1832775448354007
1.7417417417417418,0.8316039952945894
1.7517517517517518,0.9141792458742436
1.7617617617617618,1.2874052743038715
1.7717717717717718,1.1242641900938108
1.7817817817817818,0.7464756528784607
1.7917917917917918,0.7797492152600316
1.8018018018018018,0.6962955667476067
1.8118118118118118,0.7800817888238037
1.8218218218218218,1.3970824945113094
1.8318318318318318,0.03928269493451808
1.8418418418418419,1.4390991079685058
1.8518518518518519,0.747641155516802
1.8618618618618619,0.5448529111694346
1.8718718718718719,0.8617162450832658
1.8818818818818819,0.931796974881891
1.8918918918918919,1.1807555870781075
1.901901901901902,0.9927085078626484
1.911911911911912,0.6798935193893452
1.921921921921922,0.5904867249953445
1.931931931931932,0.8306771238853128
1.941941941941942,0.9484190260685713
1.951951951951952,1.3924437141171169
1.961961961961962,1.1521250017171225
1.971971971971972,0.6009956669984347
1.981981981981982,0.8440944459199584
1.991991991991992,1.3651164662106523
2.002002002002002,1.00633595168381
2.012012012012012,1.0207820097318405
2.022022022022022,1.4652308218186492
2.032032032032032,0.7843189667571865
2.042042042042042,1.054855574862264
2.052052052052052,0.7207331974656828
2.062062062062062,1.015888517374944
2.0720720720720722,0.7520692086195482
2.0820820820820822,1.0820437193354508
2.0920920920920922,0.5321593348626161
2.1021021021021022,0.581660923364521
2.1121121121121122,1.324589833095211
2.1221221221221223,1.1639896687965101
2.1321321321321323,0.7035620455492695
2.1421421421421423,1.188945883914195
2.1521521521521523,1.2526132315939864
2.1621621621621623,0.1915906025675873
2.1721721721721723,0.8822977351073636
2.1821821821821823,1.3156144758394128
2.1921921921921923,1.0330760748737686
2.2022022022022023,0.535320969653546
2.2122122122122123,0.3723953877501078
2.2222222222222223,0.8854627395557259
2.2322322322322323,0.8713565549031186
2.2422422422422423,0.9237107543553549
2.2522522522522523,0.47543840596404957
2.2622622622622623,0.9378207997242942
2.2722722722722724,0.5274008276858465
2.2822822822822824,0.601526587349317
2.2922922922922924,0.4876443761076078
2.3023023023023024,0.8144201007011262
2.3123123123123124,0.39120379355974927
2.3223223223223224,0.4791825435119443
2.3323323323323324,0.9235786773913097
2.3423423423423424,0.5111917353724528
2.3523523523523524,0.3843172228068898
2.3623623623623624,0.635796973920865
2.3723723723723724,0.7846313254060095
2.3823823823823824,-0.16645847243520473
2.3923923923923924,0.2477774543001789
2.4024024024024024,0.9265661215432336
2.4124124124124124,0.9474708789427615
2.4224224224224224,1.0684518753814372
2.4324324324324325,1.0503799367756268
2.4424424424424425,0.38670248210845426
2.4524524524524525,0.5194933546104107
2.4624624624624625,0.8532165773599194
2.4724724724724725,0.546284681806884
2.4824824824824825,0.8311201744735824
2.4924924924924925,0.6264226446843745
2.5025025025025025,0.26401428753044864
2.5125125125125125,0.7869104823544234
2.5225225225225225,0.8233178344788771
2.5325325325325325,0.6014787351731254
2.5425425425425425,0.692400257547337
2.5525525525525525,1.046941602085366
2.5625625625625625,-0.17808504436018113
2.5725725725725725,0.4705084554133042
2.5825825825825826,1.1674835073001348
2.5925925925925926,0.6577730337383139
2.6026026026026026,0.16813643118130323
2.6126126126126126,0.8442055597841431
2.6226226226226226,0.5973301018159898
2.6326326326326326,0.7511300723650054
2.6426426426426426,0.9842885353915507
2.6526526526526526,0.13160031471412914
2.6626626626626626,0.4590193830236997
2.6726726726726726,0.5742629592916344
2.6826826826826826,0.45495214065945494
2.6926926926926926,0.688157485488659
2.7027027027027026,0.3037454965607783
2.7127127127127126,0.5168289583872936
2.7227227227227226,-0.16073793810299541
2.7327327327327327,0.6333354891575392
2.7427427427427427,0.27165277243880626
2.7527527527527527,-0.08554038477150383
2.7627627627627627,0.15283675076453332
2.7727727727727727,0.22767053473293378
2.7827827827827827,-0.1363566905969822
2.7927927927927927,0.8823279354411717
2.8028028028028027,-0.18851769902528048
2.8128128128128127,0.33064256094842753
2.8228228228228227,0.3652389911344832
2.8328328328328327,0.48033608021450513
2.8428428428428427,-0.035258995698163875
2.8528528528528527,-0.03565653608767427
2.8628628628628627,0.48787596872123806
2.8728728728728727,0.5372401521302232
2.8828828828828827,0.3774097643396679
2.8928928928928928,0.5134935866101936
2.9029029029029028,0.12834707175161664
2.9129129129129128,0.1379723049923538
2.9229229229229228,0.569844775476589
2.932932932932933,0.4863190927689648
2.942942942942943,0.3140224144192736
2.952952952952953,0.005685950324118394
2.962962962962963,0.3493037228738771
2.972972972972973,0.13007661777571913
2.982982982982983,0.3004369325577897
2.992992992992993,0.16267764864843579
3.003003003003003,0.13683158741300527
3.013013013013013,0.3804746602203193
3.023023023023023,0.5019066451401697
3.033033033033033,0.00720881470022483
3.043043043043043,-0.18974936250745078
3.053053053053053,0.18867630295468168
3.063063063063063,-0.13691056782168382
3.073073073073073,0.18754157389992637
3.083083083083083,0.10886352299836805
3.093093093093093,-0.43816901403133945
3.103103103103103,-0.16929357156535446
3.113113113113113,0.37536349594752677
3.123123123123123,0.018691879326114588
3.133133133133133,0.2252246634195408
3.143143143143143,0.4712560971645707
3.153153153153153,-0.28238355926213865
3.163163163163163,-0.09043258228275589
3.173173173173173,0.1985867261128656
3.183183183183183,-0.03265353454736074
3.193193193193193,0.028354018862542296
3.203203203203203,-0.0187834842662548
3.2132132132132134,-0.07883096324567197
3.2232232232232234,0.0635897968717329
3.2332332332332334,-0.17558856108063184
3.2432432432432434,-0.2497624971522854
3.2532532532532534,0.14088494153000486
3.2632632632632634,-0.1474939286213384
3.2732732732732734,-0.14673268553204252
3.2832832832832834,0.47570075623567976
3.2932932932932935,0.07569615575316666
3.3033033033033035,0.024397124522408192
3.3133133133133135,-0.06397975674083652
3.3233233233233235,-0.32000936205385916
3.3333333333333335,-0.3810784789277982
3.3433433433433435,0.03924924686410028
3.3533533533533535,-0.22411188378860222
3.3633633633633635,0.0708402041235327
3.3733733733733735,-0.748056009197992
3.3833833833833835,-0.21850024730924728
3.3933933933933935,-0.5983457643462093
3.4034034034034035,-0.646839146164182
3.4134134134134135,-0.270143514085882
3.4234234234234235,-0.5484861199934752
3.4334334334334335,-0.008644843556514348
3.4434434434434436,-0.25204321546339586
3.4534534534534536,0.2321672676586391
3.4634634634634636,-0.26667897166786436
3.4734734734734736,-0.7696425448466259
3.4834834834834836,-0.17247806166414642
3.4934934934934936,-0.14142217233576612
3.5035035035035036,-0.8170232300748047
3.5135135135135136,0.05259241683409449
3.5235235235235236,-0.501158898366595
3.5335335335335336,0.07061898703633818
3.5435435435435436,-0.06258756594061704
3.5535535535535536,-0.5480672138728988
3.5635635635635636,-0.8007141809518457
3.5735735735735736,-0.6913986940109451
3.5835835835835836,-0.5510852295229446
3.5935935935935936,-0.5929401037617845
3.6036036036036037,-0.403827780985606
3.6136136136136137,-0.000522714797892454
3.6236236236236237,-0.18090044254465432
3.6336336336336337,-0.38071833948051886
3.6436436436436437,-0.6122275453798951
3.6536536536536537,-0.7259721930202536
3.6636636636636637,-0.07897637702435367
3.6736736736736737,-0.04344567558770107
3.6836836836836837,-0.466111575468627
3.6936936936936937,-0.7229650135843494
3.7037037037037037,-0.31192862876262073
3.7137137137137137,-0.5417730087519134
3.7237237237237237,-0.5183221359398744
3.7337337337337337,-0.7013545863919223
3.7437437437437437,-0.2579025300923618
3.7537537537537538,-0.7543319166354812
3.7637637637637638,-0.5195190862598139
3.7737737737737738,-0.6231534841639753
3.7837837837837838,-0.8292815914792485
3.793793793793794,-0.5931605280690683
3.803803803803804,-0.8245762464901736
3.813813813813814,-0.5931216742810624
3.823823823823824,-0.6291163891463473
3.833833833833834,-0.6257097661701765
3.843843843843844,-1.1797721091744662
3.853853853853854,-0.47122203711825966
3.863863863863864,-0.9341878735780436
3.873873873873874,-0.19300906199283602
3.883883883883884,-0.8610848729095133
3.893893893893894,-0.7255349315618874
3.903903903903904,-1.3511311675380422
3.913913913913914,-0.2573096940079099
3.923923923923924,-0.781475330446371
3.933933933933934,-0.6966582190087869
3.943943943943944,-1.0187963671607512
3.953953953953954,-0.9102211993033519
3.963963963963964,-0.8883118418923046
3.973973973973974,-0.6510233505091718
3.983983983983984,-0.39402235938891383
3.993993993993994,-0.8287843432753048
4.004004004004004,-0.999310641853403
4.014014014014014,-1.2516462819993261
4.024024024024024,-0.37267652584705424
4.034034034034034,-1.7252936716045575
4.044044044044044,-0.905584681916927
4.054054054054054,-0.16428361131793123
4.064064064064064,-1.088605174593027
4.074074074074074,-1.0810885680164024
4.084084084084084,-1.156104998790397
4.094094094094094,-0.6369104889192049
4.104104104104104,-0.9833722752031383
4.114114114114114,-1.0611713851055624
4.124124124124124,-0.6892364641866189
4.134134134134134,-1.42300060516475
4.1441441441441444,-0.7040326963867806
4.1541541541541545,-0.543691579971398
4.1641641641641645,-1.0844757510123908
4.1741741741741745,-0.1530353060218662
4.1841841841841845,-0.845538762720802
4.1941941941941945,-1.088360611586576
4.2042042042042045,-1.1576937404756036
4.2142142142142145,-1.060215722980026
4.2242242242242245,-0.6853352039588114
4.2342342342342345,-0.7313315594301003
4.2442442442442445,-0.6777865598162206
4.2542542542542545,-0.39841445072425746
4.2642642642642645,-1.3621630269334033
4.2742742742742745,-0.8166522800732382
4.2842842842842845,-0.614253376577067
4.2942942942942945,-1.059976137966551
4.3043043043043046,-1.1575670344125681
4.314314314314315,-0.829948127940247
4.324324324324325,-0.8005832099582896
4.334334334334335,-1.2877734815187285
4.344344344344345,-0.390901960967993
4.354354354354355,-0.7000433022288775
4.364364364364365,-0.9732324300325401
4.374374374374375,-0.8222621344585065
4.384384384384385,-1.065923962499475
4.394394394394395,-1.6881998954521087
4.404404404404405,-1.1948981047142142
4.414414414414415,-0.52069795438142
4.424424424424425,-0.8096254034787826
4.434434434434435,-0.7745046864168023
4.444444444444445,-0.9860491293598188
4.454454454454455,-0.745614220232605
4.464464464464465,-0.5165086467624724
4.474474474474475,-0.5509201293209405
4.484484484484485,-0.937699899961937
4.494494494494495,-1.310390598631397
4.504504504504505,-1.1606394211114146
4.514514514514515,-1.4077000489841383
4.524524524524525,-0.5230381295358557
4.534534534534535,-1.099350646020954
4.544544544544545,-1.000915533942571
4.554554554554555,-0.9418833114687876
4.564564564564565,-1.5035619283864847
4.574574574574575,-1.2076859019929644
4.584584584584585,-0.9827025359331469
4.594594594594595,-0.6811849130131201
4.604604604604605,-1.4415369165547265
4.614614614614615,-0.5037980717555511
4.624624624624625,-1.1214955081366935
4.634634634634635,-0.743314228748025
4.644644644644645,-0.48844896868406007
4.654654654654655,-1.2001137864726135
4.664664664664665,-0.6615839130159216
4.674674674674675,-1.1482068090158557
4.684684684684685,-1.0989403602963266
4.694694694694695,-1.2355196408344078
4.704704704704705,-0.8193903103547207
4.714714714714715,-1.6911879189793102
4.724724724724725,-0.8167625892324872
4.734734734734735,-1.3559636736958853
4.744744744744745,-1.467699190732599
4.754754754754755,-1.44397224424599
4.764764764764765,-1.0728623981543146
4.774774774774775,-1.296512635878746
4.784784784784785,-1.1153519250566426
4.794794794794795,-0.8984564772225112
4.804804804804805,-0.8752240135942991
4.814814814814815,-0.6571546700602642
4.824824824824825,-1.097113963875489
4.834834834834835,-0.8490157587184077
4.844844844844845,-0.5552321728370013
4.854854854854855,-0.9227908945890078
4.864864864864865,-1.0010143807999397
4.874874874874875,-0.961129083132849
4.884884884884885,-1.0063240307876415
4.894894894894895,-1.3292467948038258
4.904904904904905,-1.2598203798911887
4.914914914914915,-0.31120679898514014
4.924924924924925,-1.0585760494023773
4.934934934934935,-0.5048178644064025
4.944944944944945,-0.8880319040329214
4.954954954954955,-0.8772775048462511
4.964964964964965,-0.5968809711247705
4.974974974974975,-0.6786209505918175
4.984984984984985,-1.7972992125074883
4.994994994994995,-0.9828297333003649
5.005005005005005,-0.6014151363271052
5.015015015015015,-0.693708785378651
5.025025025025025,-0.7063015726554962
5.035035035035035,-0.9889055767923622
5.045045045045045,-1.5601789495858067
5.055055055055055,-1.232285745327904
5.065065065065065,-0.8731842260521334
5.075075075075075,-1.2864909434599883
5.085085085085085,-1.04604074949707
5.095095095095095,-1.7577100923471554
5.105105105105105,-0.5244225742608088
5.115115115115115,-1.2023952410303407
5.125125125125125,-0.8110866979092757
5.135135135135135,-0.7366574848964785
5.145145145145145,-1.4397131775510694
5.155155155155155,-0.9815410741004186
5.165165165165165,-1.1721679559215687
5.175175175175175,-0.9327550114396934
5.185185185185185,-0.6963296508618225
5.195195195195195,-1.1487819390636513
5.205205205205205,-0.7324129749255381
5.215215215215215,-0.8344108964938193
5.225225225225225,-1.110531628829256
5.235235235235235,-1.0770351485345964
5.245245245245245,-0.9340653366127951
5.255255255255255,-0.7294136688317747
5.265265265265265,-0.9508195576812448
5.275275275275275,-0.630293831840466
5.285285285285285,-0.7294264274380611
5.295295295295295,-0.8673376729176241
5.305305305305305,-1.0883717004350102
5.315315315315315,-0.9461251493341238
5.325325325325325,-0.7171936769112238
5.335335335335335,-0.590312095040782
5.345345345345345,-0.7184871881526299
5.355355355355355,-1.5063951138807883
5.365365365365365,-0.8055362337184689
5.375375375375375,-0.3074509811154914
5.385385385385385,-0.7959593674162719
5.395395395395395,-0.4590941333484594
5.405405405405405,-0.11091006766805045
5.415415415415415,-0.3840954090538464
5.425425425425425,0.23474357917884836
5.435435435435435,-0.9240795957429105
5.445445445445445,-0.5298839419111698
5.455455455455455,-0.050783428482447324
5.465465465465465,-1.0944159549684294
5.475475475475475,-0.7316926485129552
5.485485485485485,-0.33681003173789026
5.495495495495495,-0.8894946572255349
5.505505505505505,-0.9288480050017849
5.515515515515515,-0.5895816122928983
5.525525525525525,-0.8254425989756978
5.535535535535535,-0.44435109362349057
5.545545545545545,-0.7935063952586862
5.555555555555555,-0.6667599111261803
5.565565565565565,-0.3972978279631348
5.575575575575575,0.15578968623067457
5.585585585585585,-0.8181419552988249
5.595595595595595,-0.7095973529005221
5.605605605605605,-0.8043173650379725
5.615615615615615,-0.6832905712490535
5.625625625625625,-1.1701292239756689
5.635635635635635,-0.7398984256494063
5.645645645645645,-0.5202680048990637
5.655655655655655,-0.4242891618213263
5.665665665665665,-0.6894089847370289
5.675675675675675,-0.04267927600620525
5.685685685685685,-0.3974181142329557
5.6956956956956954,-0.3591325873466862
5.7057057057057055,-0.6016305736635914
5.7157157157157155,-0.7474203924677009
5.7257257257257255,-0.14318895736130643
5.7357357357357355,-0.33439649445734526
5.7457457457457455,-0.6277528824361462
5.7557557557557555,-0.3585725894984271
5.7657657657657655,-0.6473874513599644
5.7757757757757755,-0.03155135873552123
5.7857857857857855,-0.2926459600068463
5.7957957957957955,-0.779899623435703
5.8058058058058055,-0.6911922600422886
5.8158158158158155,-0.28430703356905457
5.8258258258258255,-0.31644718420966267
5.8358358358358355,0.42830166465842406
5.8458458458458455,-0.2818300773260684
5.8558558558558556,-0.4471706558827912
5.865865865865866,-0.331296996500234
5.875875875875876,-0.35506373575431155
5.885885885885886,-0.35123152876617936
5.895895895895896,0.023661836328541075
5.905905905905906,-0.10654716626292732
5.915915915915916,-0.33367293200695575
5.925925925925926,-0.7559584815493829
5.935935935935936,-0.5003986039307092
5.945945945945946,-0.5009465960307289
5.955955955955956,-0.2879372304637133
5.965965965965966,-0.3993311867459196
5.975975975975976,-0.7069327839966663
5.985985985985986,-0.22760719885887376
5.995995995995996,-0.08861063572886144
6.006006006006006,-0.15401302974356407
6.016016016016016,-0.7760699566026694
6.026026026026026,-0.260792096241412
6.036036036036036,-0.2510521408553989
6.046046046046046,-0.18497672870756024
6.056056056056056,-0.5399063963858806
6.066066066066066,0.03578644459817548
6.076076076076076,0.0871585669468889
6.086086086086086,0.4704256861459253
6.096096096096096,0.03632634807615587
6.106106106106106,-0.037929032875703345
6.116116116116116,0.034285128522304864
6.126126126126126,-0.2685212513433829
6.136136136136136,0.24411772474991278
6.146146146146146,-0.14793253077741297
6.156156156156156,-0.06804041234170546
6.166166166166166,-0.3249656734810334
6.176176176176176,-0.582301475250128
6.186186186186186,-0.30729505930509476
6.196196196196196,0.22022191966098248
6.206206206206206,0.23189053222029504
6.216216216216216,0.2543537800859363
6.226226226226226,-0.7681988305985198
6.236236236236236,0.23664770722979372
6.246246246246246,-0.12520886536382891
6.256256256256256,0.03609510109848339
6.266266266266266,-0.5397282590720778
6.276276276276276,0.1035541780460406
6.286286286286286,0.2993223835244726
6.296296296296296,0.14824925565146685
6.306306306306306,0.2545461149295213
6.316316316316316,0.29062234599873044
6.326326326326326,-0.33488773589122695
6.336336336336336,0.05828531774409286
6.346346346346346,-0.413051839684745
6.356356356356356,-0.042480505071415944
6.366366366366366,0.012459626384136377
6.376376376376376,-0.35306851920133586
6.386386386386386,-0.773432635905097
6.396396396396396,-0.23210719096168816
6.406406406406406,0.6634692926039666
6.416416416416417,-0.024608660195182624
6.426426426426427,0.23248424832059633
6.436436436436437,0.3112931975173119
6.446446446446447,0.05351535161320321
6.456456456456457,0.06077418397211347
6.466466466466467,0.6990142451908671
6.476476476476477,-0.5283709962814997
6.486486486486487,-0.04390965642187045
6.496496496496497,0.37817448186375585
6.506506506506507,-0.001127550327730209
6.516516516516517,0.003928645697362371
6.526526526526527,-0.0533619864613083
6.536536536536537,0.45169604377439454
6.546546546546547,0.09529059301023232
6.556556556556557,0.44657722619595863
6.566566566566567,0.2896054037195955
6.576576576576577,0.6849574232787121
6.586586586586587,0.11795153325496355
6.596596596596597,0.11225766312643595
6.606606606606607,0.5107499384485277
6.616616616616617,0.7931107914741472
6.626626626626627,0.3242321183482029
6.636636636636637,0.5688626673590069
6.646646646646647,0.04865590964303612
6.656656656656657,0.1318748702444969
6.666666666666667,0.4607520093867471
6.676676676676677,0.3421075737184169
6.686686686686687,0.3712190123785743
6.696696696696697,0.15216105594235163
6.706706706706707,0.6757926255142299
6.716716716716717,0.7374588453956503
6.726726726726727,0.32101625682863016
6.736736736736737,0.19940470609331093
6.746746746746747,0.10430731601741022
6.756756756756757,0.4759327524661646
6.766766766766767,0.09948076193500038
6.776776776776777,0.5221441140221154
6.786786786786787,0.43940443122338974
6.796796796796797,0.8922472104684639
6.806806806806807,-0.0352592735907683
6.816816816816817,0.5642885216693398
6.826826826826827,0.6968699050224488
6.836836836836837,0.6082034189096255
6.846846846846847,0.1468534384722796
6.856856856856857,1.2319755296204817
6.866866866866867,1.0091093460102627
6.876876876876877,0.6278948485090367
6.886886886886887,0.8514426401118202
6.896896896896897,0.4062512009504836
6.906906906906907,1.055279253010835
6.916916916916917,0.7537128408253184
6.926926926926927,0.03294532307429965
6.936936936936937,0.24847768465125275
6.946946946946947,0.6536348527229678
6.956956956956957,0.7988252050876322
6.966966966966967,0.629148391102491
6.976976976976977,0.021097659300022165
6.986986986986987,0.7420377060199534
6.996996996996997,0.4756336859119538
7.007007007007007,0.6308367779234997
7.017017017017017,0.3911844123403808
7.027027027027027,0.3723249935138774
7.037037037037037,0.501859248968074
7.047047047047047,0.9817610276698772
7.057057057057057,1.3460660703674663
7.067067067067067,0.686196506520621
7.077077077077077,0.8492487407533366
7.087087087087087,0.9356702924373841
7.097097097097097,1.389233619697541
7.107107107107107,1.0262228587337718
7.117117117117117,0.966419731885289
7.127127127127127,0.7384834694073489
7.137137137137137,1.3418459049105929
7.147147147147147,0.6146094624375522
7.157157157157157,0.8673762651082586
7.167167167167167,0.7651527578052764
7.177177177177177,0.5973925527419749
7.187187187187187,0.6630054606663168
7.197197197197197,1.007067840436454
7.207207207207207,0.9166499089310718
7.217217217217217,0.663475244811327
7.227227227227227,0.9508593534505607
7.237237237237237,0.9236571572536602
7.247247247247247,0.5329751137116183
7.257257257257257,1.1099228908572538
7.267267267267267,0.8356845555719951
7.277277277277277,1.6024388617178835
7.287287287287287,1.1681840116382685
7.297297297297297,0.53089713690274
7.307307307307307,0.873986349830833
7.317317317317317,0.9504766362773316
7.327327327327327,0.7860453523718061
7.337337337337337,1.1319133102012573
7.347347347347347,1.3949321686990725
7.357357357357357,0.5484677906803992
7.367367367367367,0.661685462785398
7.377377377377377,0.8268849113379113
7.387387387387387,0.8488196004127379
7.397397397397397,0.5040334840657603
7.407407407407407,1.2838408091307003
7.4174174174174174,1.4531476328782214
7.4274274274274275,0.49870861482917966
7.4374374374374375,0.8019016380919385
7.4474474474474475,1.8330448241228068
7.4574574574574575,1.1650266367652187
7.4674674674674675,0.6083863943273604
7.4774774774774775,0.7756343906631535
7.4874874874874875,1.3201879367254639
7.4974974974974975,1.1879584057761083
7.5075075075075075,0.8369485098929734
7.5175175175175175,0.8032890003736923
7.5275275275275275,-0.03102578770520481
7.5375375375375375,1.3680831772076414
7.5475475475475475,0.9551332737697714
7.5575575575575575,1.187703886736903
7.5675675675675675,1.0546308954181787
7.5775775775775776,1.5000026630981482
7.587587587587588,1.181528689390584
7.597597597597598,0.2912467934816235
7.607607607607608,0.8464290577152134
7.617617617617618,1.6906651656890004
7.627627627627628,1.0648044881285879
7.637637637637638,0.5210573225522853
7.647647647647648,0.5826995393300216
7.657657657657658,0.8453296483093256
7.667667667667668,0.8096627532655588
7.677677677677678,0.8890473230966189
7.687687687687688,0.39951156420311895
7.697697697697698,0.7929015016025969
7.707707707707708,1.0632415911339035
7.717717717717718,1.5973448892658757
7.727727727727728,1.1867952341911816
7.737737737737738,0.47438940744717484
7.747747747747748,0.984119945207042
7.757757757757758,1.0641826326036736
7.767767767767768,0.9857191515975984
7.777777777777778,0.9333289813519052
7.787787787787788,0.6804472456652868
7.797797797797798,0.6880159154101171
7.807807807807808,0.8304281484863583
7.817817817817818,0.7234802819619427
7.827827827827828,1.1975906389743043
7.837837837837838,0.8732332129816287
7.847847847847848,0.5739912780627845
7.857857857857858,0.9118691683362106
7.867867867867868,1.08601928842297
7.877877877877878,0.5918421168369442
7.887887887887888,1.2469069798446122
7.897897897897898,1.1991250427429796
7.907907907907908,0.9361146179323381
7.917917917917918,0.8246178156692122
7.927927927927928,1.0111989750238304
7.937937937937938,0.6793612046191879
7.947947947947948,1.445759524423849
7.957957957957958,1.5792770145966482
7.967967967967968,0.6243975870972713
7.977977977977978,0.575098023035975
7.987987987987988,1.1883602748189097
7.997997997997998,1.3448986084944035
8.008008008008009,0.7113118925061748
8.018018018018019,1.2736583132448525
8.028028028028029,0.7761434975161489
8.038038038038039,0.8272548383800323
8.048048048048049,1.0798426308898983
8.058058058058059,1.4196335810651417
8.068068068068069,1.338416292733378
8.078078078078079,0.9641583260371553
8.088088088088089,1.0550568688334614
8.098098098098099,1.1957501442421563
8.108108108108109,0.5374947332457081
8.118118118118119,0.8288617996180898
8.128128128128129,0.42959864531966907
8.138138138138139,0.8781213291282677
8.148148148148149,0.9523686625339673
8.158158158158159,0.3803996015576121
8.168168168168169,0.649289462212197
8.178178178178179,0.9869238285382131
8.188188188188189,1.0463271649081343
8.198198198198199,1.0628373739646184
8.208208208208209,0.49225595552582074
8.218218218218219,0.8715335538854727
8.228228228228229,1.1576620523102128
8.238238238238239,0.9641700332871868
8.248248248248249,0.9344387087082625
8.258258258258259,0.6662961103884717
8.268268268268269,0.7050718263594494
8.278278278278279,0.6934097041460154
8.288288288288289,0.791684038690238
8.298298298298299,0.9026036043355278
8.308308308308309,1.2137640959838931
8.318318318318319,1.124805870530265
8.328328328328329,0.6651720573754519
8.338338338338339,0.7397853957744036
8.348348348348349,0.9261975809936966
8.358358358358359,0.7730599059395905
8.368368368368369,0.9400168261079875
8.378378378378379,0.5710736679254337
8.388388388388389,1.0014659327256825
8.398398398398399,0.6647632240145411
8.408408408408409,0.511242496555179
8.418418418418419,0.7901026290998177
8.428428428428429,0.8075477621817941
8.438438438438439,0.9872028049313963
8.448448448448449,0.7013157353894783
8.458458458458459,0.8410152779212436
8.468468468468469,1.0068871875309862
8.478478478478479,0.3613499651163413
8.488488488488489,0.518101369741753
8.498498498498499,0.4552283250743117
8.508508508508509,1.4176137213708948
8.518518518518519,0.6112316176197408
8.528528528528529,1.1536551023524877
8.538538538538539,0.7635496238985878
8.548548548548549,0.5468969538378345
8.558558558558559,0.46445708946107034
8.568568568568569,0.614398980832924
8.578578578578579,0.7263665036642624
8.588588588588589,1.1294084805121973
8.598598598598599,0.4323265787989042
8.608608608608609,1.3260096213447123
8.618618618618619,1.5383460336095809
8.62862862862863,0.6411191705024333
8.63863863863864,0.9975752540118096
8.64864864864865,0.6130154078284258
8.65865865865866,1.6172644138037582
8.66866866866867,1.123766474477462
8.67867867867868,0.5804676529203595
8.68868868868869,-0.007647069837181775
8.6986986986987,0.7630864410422249
8.70870870870871,0.7532949442113615
8.71871871871872,0.7531927341881869
8.72872872872873,0.6377021953746215
8.73873873873874,0.10626742158855718
8.74874874874875,0.9338909788016905
8.75875875875876,-0.04479788354080605
8.76876876876877,0.8213648170265111
8.77877877877878,0.39315028058957846
8.78878878878879,1.1173593070975083
8.7987987987988,0.0032176608075074054
8.80880880880881,0.7869875209002407
8.81881881881882,0.3098591629102841
8.82882882882883,0.6309718651539469
8.83883883883884,0.13341678700058446
8.84884884884885,0.04422378335639521
8.85885885885886,0.4980860845769226
8.86886886886887,0.6640775164262436
8.87887887887888,0.31182938102258284
8.88888888888889,-0.012926979991176757
8.8988988988989,0.3254676163469562
8.90890890890891,0.6361445725248085
8.91891891891892,0.5609913507166069
8.92892892892893,1.1530415495654824
8.93893893893894,0.47343577625551814
8.94894894894895,0.4752039955737991
8.95895895895896,0.5734107531357859
8.96896896896897,0.5078524989346007
8.97897897897898,0.5221707651575516
8.98898898898899,-0.1815977262955062
8.998998998999,0.7141682922309371
9.00900900900901,0.1337258143466264
9.01901901901902,-0.17592854300919947
9.02902902902903,0.1634530042218733
9.03903903903904,0.15556486072691306
9.04904904904905,-0.13267688038094388
9.05905905905906,0.553618308763113
9.06906906906907,0.4915216326832744
9.07907907907908,0.3140590713036814
9.08908908908909,0.8088064555368024
9.0990990990991,0.4738389270299479
9.10910910910911,0.31977981844668574
9.11911911911912,0.2659738845767348
9.12912912912913,0.46509321912569257
9.13913913913914,0.02457259697902031
9.14914914914915,0.579080185205499
9.15915915915916,0.08556261221219177
9.16916916916917,0.1753759656219792
9.17917917917918,1.1254619388014606
9.18918918918919,0.43051376202253644
9.1991991991992,0.79110120289662
9.20920920920921,-0.09338298311759619
9.21921921921922,-0.13822641634305516
9.22922922922923,-0.21335627746545036
9.23923923923924,0.2021737595521453
9.24924924924925,0.4703059081509384
9.25925925925926,0.18195781561608787
9.26926926926927,0.018745463772005144
9.27927927927928,-0.1677751862340331
9.28928928928929,0.47408005858836566
9.2992992992993,0.46360254892696207
9.30930930930931,0.3471438173603528
9.31931931931932,0.45690712443224013
9.32932932932933,0.11691828896476286
9.33933933933934,0.6353138286999778
9.34934934934935,0.04846712325700937
9.35935935935936,-0.5586513589158417
9.36936936936937,-0.11206151583101295
9.37937937937938,-0.12499662268228992
9.38938938938939,-0.0477275581069875
9.3993993993994,-7.093611095044042e-05
9.40940940940941,-0.35592803331661216
9.41941941941942,0.05726274544690676
9.42942942942943,-0.19831110669490637
9.43943943943944,-0.12172337927556406
9.44944944944945,0.49643615709804406
9.45945945945946,0.13866213875179514
9.46946946946947,-0.09593003100249804
9.47947947947948,-0.07812967621896257
9.48948948948949,0.08807881774687805
9.4994994994995,0.19853999381215923
9.50950950950951,-0.11052321972778634
9.51951951951952,-0.13258927766261247
9.52952952952953,0.09532386063775927
9.53953953953954,0.010014253511824972
9.54954954954955,-0.005865529579581946
9.55955955955956,-0.27469657768681854
9.56956956956957,-0.350780689822895
9.57957957957958,-0.20395289971543493
9.58958958958959,-0.06624908445373386
9.5995995995996,-0.013612046776230596
9.60960960960961,0.025932336403465372
9.61961961961962,-0.1272952609533882
9.62962962962963,-0.7219774204560139
9.63963963963964,0.35516770533796393
9.64964964964965,-0.28571135760247063
9.65965965965966,-0.25258336106383544
9.66966966966967,0.2928079555735997
9.67967967967968,-0.04352320091015208
9.68968968968969,-0.8547456143720347
9.6996996996997,0.5834441974789035
9.70970970970971,-0.06616055062567647
9.71971971971972,-0.11428318283594988
9.72972972972973,-0.48925503332582443
9.73973973973974,-0.3041362743019804
9.74974974974975,0.4500523534313511
9.75975975975976,-0.7434439992613651
9.76976976976977,-0.2872448023924318
9.77977977977978,-0.49074267665802046
9.78978978978979,0.0971901283747248
9.7997997997998,-0.35872055926117735
9.80980980980981,0.23863802700317976
9.81981981981982,-0.4007529768481447
9.82982982982983,-0.22244106988216916
9.83983983983984,-0.3008071233390052
9.84984984984985,-0.550091619681609
9.85985985985986,0.04992791108245204
9.86986986986987,0.24036031323381674
9.87987987987988,-0.43133985174765904
9.88988988988989,-0.41209107241577003
9.8998998998999,-0.05310115717797914
9.90990990990991,-0.6393702892992807
9.91991991991992,-0.6239287573733452
9.92992992992993,-0.7316142743023306
9.93993993993994,-0.1536945515688829
9.94994994994995,-0.5340002565122792
9.95995995995996,-0.12395740641258385
9.96996996996997,-0.663952526867725
9.97997997997998,-0.15728018361268753
9.98998998998999,-0.5585878577295906
10.0,-0.7008478098084838
